epoch,phase,loss,acc,spec,sens,gmean,mcc,auc,thr_opt,key,key_name,val_thr
TEST,test,0.0,0.70525,0.813717848791894,0.6978148207511887,0.7535412230241677,0.2655471239659257,0.7892110327218254,0.5,,test,0.500
