epoch,phase,loss,acc,spec,sens,gmean,mcc,auc,thr_opt,key,key_name,val_thr
TEST,test,0.0,0.6114285714285714,0.5757488479262672,0.6231952887537994,0.5990024787370061,0.17373463342080853,0.6088603394021472,0.5,,test,0.500
