epoch,phase,loss,acc,spec,sens,gmean,mcc,auc,thr_opt,key,key_name,val_thr
TEST,test,0.0,0.6659,0.8183085501858736,0.6475235320484087,0.7279244759738261,0.29433764957152564,0.7704016668430147,0.5,,test,0.500
