epoch,phase,loss,acc,spec,sens,gmean,mcc,auc,thr_opt,key,key_name,val_thr
TEST,test,0.0,0.6566428571428572,0.6104159621237741,0.6690210993389477,0.6390470702804989,0.2338449240257984,0.683342601680258,0.5,,test,0.500
