epoch,phase,loss,acc,spec,sens,gmean,mcc,auc,thr_opt,key,key_name,val_thr
TEST,test,0.0,0.5773571428571429,0.5521313364055299,0.585676291793313,0.5686565164392975,0.11966138819298909,0.5761897804012648,0.5,,test,0.500
