epoch,phase,loss,acc,spec,sens,gmean,mcc,auc,thr_opt,key,key_name,val_thr
TEST,test,0.0,0.6476,0.8303903345724907,0.6255602868668758,0.7207351912503289,0.2859416147006541,0.7698661789185505,0.5,,test,0.500
