epoch,phase,loss,acc,spec,sens,gmean,mcc,auc,thr_opt,key,key_name,val_thr
TEST,test,0.0,0.5825714285714285,0.5483870967741935,0.5938449848024316,0.570663584916473,0.12369802007846976,0.5949532867367949,0.5,,test,0.500
