epoch,phase,loss,acc,spec,sens,gmean,mcc,auc,thr_opt,key,key_name,val_thr
TEST,test,0.0,0.6041428571428571,0.5945214744673656,0.606719188626279,0.600589366047834,0.16565264266906268,0.6286742380777255,0.5,,test,0.500
