epoch,phase,loss,acc,spec,sens,gmean,mcc,auc,thr_opt,key,key_name,val_thr
TEST,test,0.0,0.69855,0.8316445830085737,0.6894267243682214,0.7572040680702767,0.2687617568056894,0.7853632629853589,0.5,,test,0.500
