epoch,phase,loss,acc,spec,sens,gmean,mcc,auc,thr_opt,key,key_name,val_thr
TEST,test,0.0,0.5909285714285715,0.5352617079889808,0.6104146576663452,0.57160440187598,0.1290524772697958,0.5895282933658492,0.5,,test,0.500
