epoch,phase,loss,acc,spec,sens,gmean,mcc,auc,thr_opt,key,key_name,val_thr
TEST,test,0.0,0.6165,0.5665322580645161,0.6329787234042553,0.598834589412642,0.17477271496531555,0.6384018987549549,0.5,,test,0.500
