epoch,phase,loss,acc,spec,sens,gmean,mcc,auc,thr_opt,key,key_name,val_thr
TEST,test,0.0,0.6869,0.8312368972746331,0.6716780897634314,0.7472105535271214,0.3049594360319834,0.780341557893478,0.5,,test,0.500
