epoch,phase,loss,acc,spec,sens,gmean,mcc,auc,thr_opt,key,key_name,val_thr
TEST,test,0.0,0.6572857142857143,0.628339533310788,0.6650366748166259,0.6464277483902102,0.24475157564644465,0.6368026992954127,0.5,,test,0.500
