epoch,phase,loss,acc,spec,sens,gmean,mcc,auc,thr_opt,key,key_name,val_thr
TEST,test,0.0,0.5695714285714286,0.5231404958677686,0.585824493731919,0.5535959863857401,0.09614568511279369,0.5654765415175689,0.5,,test,0.500
