epoch,phase,loss,acc,spec,sens,gmean,mcc,auc,thr_opt,key,key_name,val_thr
TEST,test,0.0,0.66915,0.8150557620817844,0.6515575974899148,0.7287357368500046,0.2953136650171222,0.7681756200438565,0.5,,test,0.500
