epoch,phase,loss,acc,spec,sens,gmean,mcc,auc,thr_opt,key,key_name,val_thr
TEST,test,0.0,0.5947857142857143,0.5297520661157025,0.6175506268081002,0.5719691604296845,0.13076616862804025,0.6104680539062936,0.5,,test,0.500
