epoch,phase,loss,acc,spec,sens,gmean,mcc,auc,thr_opt,key,key_name,val_thr
TEST,test,0.0,0.5716428571428571,0.515426997245179,0.5913211186113789,0.5520714343031374,0.09433043230513442,0.5793941519162874,0.5,,test,0.500
