epoch,phase,loss,acc,spec,sens,gmean,mcc,auc,thr_opt,key,key_name,val_thr
TEST,test,0.0,0.65305,0.8336431226765799,0.6312752129090095,0.7254365856212309,0.2920140165179296,0.7687915580807113,0.5,,test,0.500
