epoch,phase,loss,acc,spec,sens,gmean,mcc,auc,thr_opt,key,key_name,val_thr
TEST,test,0.0,0.67865,0.852689010132502,0.6667200940321633,0.7539926372423897,0.2641044692420715,0.7928606048385871,0.5,,test,0.500
