epoch,phase,loss,acc,spec,sens,gmean,mcc,auc,thr_opt,key,key_name,val_thr
TEST,test,0.0,0.6741,0.8597038191738113,0.6613773574825026,0.7540481683173765,0.26414576434030246,0.7891634353104748,0.5,,test,0.500
