epoch,phase,loss,acc,spec,sens,gmean,mcc,auc,thr_opt,key,key_name,val_thr
TEST,test,0.0,0.6656,0.84958071278826,0.6461972142383374,0.7409431083925369,0.29715714613011385,0.7814100832641551,0.5,,test,0.500
