epoch,phase,loss,acc,spec,sens,gmean,mcc,auc,thr_opt,key,key_name,val_thr
TEST,test,0.0,0.5955714285714285,0.602637808589787,0.5936792538259531,0.5981417595611364,0.16114256551572714,0.5969036065276969,0.5,,test,0.500
